x,y,x_tf,y_tf,v,cmd_v,path_x,path_y
0.0012799102912255252,-0.0036150021550784904,0.0005686080286189733,1.8042038437688496e-06,0.01581608651387301,1.2,,
0.0012799102912255252,-0.0036150021550784904,0.0005686080286189733,1.8042038437688496e-06,0.01581608651387301,1.2,,
0.0012799102912255252,-0.0036150021550784904,0.0005686080286189733,1.8042038437688496e-06,0.01581608651387301,1.2,,
0.0038796186440338367,-0.003643026127676271,0.0035249225518515035,1.2394167600860935e-05,0.04986995562263707,1.2,,
0.01119725730868045,-0.003679954688613842,0.011061720516308507,3.6045563329784226e-05,0.09595888741379359,1.2,,
0.023171243552742027,-0.0037079832598739737,0.02325395186911235,7.320019371707087e-05,0.14255074549270821,1.2,,
0.03980335480595343,-0.003726788211511428,0.040104651060312003,0.0001238961180969076,0.18910941757706284,1.2,,
0.0610934395339121,-0.003736745561807548,0.06161321803218385,0.00018788828728932334,0.2356891346545025,1.2,,
0.0870415130263017,-0.003738341301221736,0.08777980507467385,0.0002648632717020841,0.2822825282989487,1.2,,
0.1176477124928554,-0.0037322013795285064,0.11860452805223468,0.0003544753043503198,0.3288666814145317,1.2,,
0.15291199442325135,-0.003718939650227889,0.15408740984675942,0.00045634624747273355,0.3754324386122721,1.2,,
0.19283426634347808,-0.0036993002868149823,0.1942281975628646,0.0005700640043441725,0.42201784795959457,1.2,,
0.23741462259859392,-0.0036740002245456535,0.2390270302012697,0.0006951846729270834,0.4686066888613044,1.2,,
0.2866530873814123,-0.0036437273972170824,0.2884839784067903,0.0008312270835998468,0.5151780502695199,1.2,,
0.3405495650535494,-0.003609107661541661,0.3425988837336365,0.0009776740102158147,0.5617642413604674,1.2,,
0.39910417547441185,-0.0035706355511308904,0.4013719633163509,0.0011340106568286823,0.608338502208663,1.2,,
0.462972160305925,-0.0035308299060273327,0.4648029818344181,0.001299823906272675,0.6553488933572549,1.2,,
0.5301875332921662,-0.003482902419140835,0.5328920926408255,0.00147477564983638,0.701508388540386,1.2,,
0.6034648635358909,-0.0034356930107152057,0.6056393411574862,0.0016585711265754927,0.7484997905129388,1.2,,
0.6799031811228355,-0.003380299709543064,0.6830445766874231,0.0018509736710314057,0.794668287747363,1.2,,
0.7617481112801454,-0.003323546834403119,0.7651078910648816,0.002051815779959883,0.8412598524773194,1.2,,
0.8491393917813967,-0.0032658499551052036,0.8518293532122266,0.002260979910256329,0.888264646265657,1.2,,
0.9403470765285327,-0.0032040009921077174,0.9432091433827453,0.002478438234839953,0.9348405961783384,1.2,,
1.0352287210485562,-0.0031396224982113406,1.0392302036283472,0.0027030471780711426,0.980783323751128,1.2,,
1.1371480037045987,-0.0031572779031120496,1.139277329704911,0.002837591947486293,1.0134394565353584,1.2,,
1.2371584730182064,-0.0037651636329783106,1.2413989056430388,0.0023470567108753093,1.0261672511555593,1.2,,
1.3398477539246012,-0.005644517160317739,1.3440982444903005,0.0005850873850634486,1.0275862204927235,1.2,,
1.4439500004208612,-0.009212411982736547,1.4472082341641421,-0.0027903173006660837,1.0321105271786009,1.2,,
1.5461800615394747,-0.014372372453914829,1.550373220871857,-0.007836195375286518,1.0326684968259197,1.2,,
1.6503757004933592,-0.021559814797787024,1.6534096051370528,-0.014787687401073911,1.0304771403336552,1.2,,
1.752346897168054,-0.030647850282537168,1.7562749944797034,-0.02380146103419178,1.0295569805270623,1.2,,
1.8561301409456052,-0.04222478374733141,1.859010328023218,-0.03502189824058014,1.0268712631865167,1.2,,
1.9577489416404443,-0.05645871780548907,1.9619305306607313,-0.04898576778231864,1.0255555790157262,1.2,,
2.0600038697884715,-0.07386824217538132,2.0645695825457664,-0.06575367673128467,1.0205788869365844,1.2,,
2.1617209958136954,-0.09418326211448855,2.166743370395643,-0.08516950455650689,1.0150666810548068,1.2,,
2.2628373680738356,-0.11730812467402683,2.268388335309279,-0.10715123774190603,1.0087920885814738,1.2,,
2.363288817439468,-0.14317506784263845,2.3694444542462323,-0.13164520079952619,1.0019427054876737,1.2,,
2.4630053184447753,-0.17174070085640805,2.4698684458660596,-0.15861712854177779,0.9943365980355438,1.2,,
2.561917415938127,-0.20297003475678774,2.5695652752334297,-0.18803177435644783,0.9845454443757466,1.2,,
2.6610907953860194,-0.23755174986406866,2.668640862018667,-0.2202099521019386,0.9784966781681257,1.2,,
2.75777688414332,-0.27517575822867474,2.767425075166158,-0.2559217602849247,0.9701761942277626,1.2,,
2.8542183239682832,-0.31670422522630776,2.8651843677874567,-0.2949116612453699,0.9560062155125914,1.2,,
2.9492534380576694,-0.3614434851337714,2.961684998125109,-0.3368458757311408,0.941794260614234,1.2,,
3.0429281203133915,-0.40972989891847283,3.057085424798643,-0.38211009054128997,0.9315186281991824,1.2,,
3.136164779174024,-0.4629698063290441,3.151553642619062,-0.43156834315162595,0.9144372561505563,1.2,,
3.226858075395493,-0.520789032506768,3.2447594345006183,-0.48580628045486024,0.8966991184262311,1.2,,
3.314415583645983,-0.5833612610848402,3.3362039160887536,-0.545320990531107,0.8703232898088749,1.2,,
3.3999139438883854,-0.6522786467207636,3.425243465702969,-0.6104187352515266,0.8381276198678086,1.2,,
3.4818113794006,-0.7276129261929802,3.5113586388299582,-0.6818737281154782,0.799787442242808,1.2,,
3.5589411990438133,-0.8094741453134476,3.5934384761731115,-0.7597750321924042,0.7454156619829618,1.2,,
3.6309456695152416,-0.8980428956732752,3.670501793170701,-0.8435672922722629,0.6796040650333757,1.2,,
3.6951264484451007,-0.990181303789178,3.7418777719507816,-0.9327921852646033,0.6141239456307077,1.2,,
3.753017614010995,-1.0886776941830463,3.807095377463938,-1.027637431817823,0.5407011271213151,1.2,,
3.803018077008333,-1.1925183758205125,3.865367119057905,-1.128208701693555,0.45838707511131643,1.2,,
3.8437117782696304,-1.3007985548778151,3.91574720796655,-1.2348213405803596,0.36347157220351545,1.2,,
3.8749560537726846,-1.4164615287681406,3.9571306101949775,-1.347415479737048,0.25415972312769997,1.2,,
3.8948880209767576,-1.5339068660855986,3.9885317075716493,-1.4633651624893913,0.14719949719684985,1.2,,
3.9045764221225614,-1.652761152095865,4.010346166480201,-1.5813346923317024,0.04758069507935231,1.2,,
3.9050766071292613,-1.773146447198949,4.023605757909636,-1.7008108317224564,-0.03589320091615828,1.2,,
3.8970800501573333,-1.8921221064254585,4.029160853812107,-1.8212343253412706,-0.12264757613238397,1.2,,
3.8804450562525705,-2.0090234635868285,4.02659350568523,-1.9415928910973173,-0.2113780701619088,1.2,,
3.8556766778264846,-2.1259648624153207,4.016595500141766,-2.061603268672813,-0.2851711601532786,1.2,,
3.8243173781687445,-2.241307220084519,4.000450512723543,-2.1806586916699153,-0.3431427081690376,1.2,,
3.787649299249731,-2.3555821290797194,3.9793476165071304,-2.2991165051463724,-0.3924345929165466,1.2,,
3.7465591531572833,-2.4699593891995697,3.954465248125521,-2.4170770401394712,-0.4204033256442544,1.2,,
3.7036520352937696,-2.5812591803363816,3.9271002500471286,-2.534412987152158,-0.443594359463612,1.2,,
3.6585101003086398,-2.694058430876186,3.8984160828827537,-2.651188314529595,-0.4497011612292213,1.2,,
3.6140585293386756,-2.8040165771275802,3.869549431638693,-2.7673133342581595,-0.4497164779614995,1.2,,
3.569931884385604,-2.914834518934815,3.8414866128953644,-2.883034777922956,-0.4372706254805883,1.2,,
3.52743358691848,-3.026231222143655,3.8150214557948483,-2.9990763856395346,-0.4145533857563029,1.2,,
3.4875450997844,-3.138667538285948,3.7910328566414933,-3.115756323633035,-0.38343717569829877,1.2,,
3.451098672371805,-3.252262167584178,3.770193132643609,-3.2333444042970916,-0.3424868638843134,1.2,,
3.418643409910847,-3.368691295069483,3.7532411020237118,-3.3521469677815614,-0.2965966919229807,1.2,,
3.3920501464428647,-3.4854656126306915,3.741168981038436,-3.4719056559890804,-0.2304678038587903,1.2,,
3.372695485978393,-3.603160982648743,3.7353356142664325,-3.5917303600000383,-0.15147604149363383,1.2,,
3.3624543706521806,-3.7199261546920894,3.7372756333576844,-3.7108307076721183,-0.05410540057849033,1.2,,
3.362536083788847,-3.8381432715285078,3.7483378081986003,-3.8296866632748765,0.05719919756462366,1.2,,
3.37438095213136,-3.954674846570614,3.769521173471798,-3.946364310061352,0.18081080648660977,1.2,,
3.399595376143815,-4.071664331510344,3.8020526582177294,-4.0611864244535925,0.3110559249501679,1.2,,
3.436049460537157,-4.180666873978412,3.8454824846317286,-4.17206096333152,0.4312543338653786,1.2,,
3.4850948890971067,-4.287150861212787,3.8992839056350506,-4.278063867843691,0.544458904513248,1.2,,
3.5456067833042324,-4.387646748436664,3.9630269357343932,-4.378426469981241,0.6597927020975289,1.2,,
3.6165558644241407,-4.4807925627243685,4.0359734988175235,-4.472176723368141,0.7590837513874865,1.2,,
3.6973033380414635,-4.565600878173095,4.117816756601523,-4.558590336666766,0.8525114341650425,1.2,,
3.7870003948848128,-4.641248623925597,4.207982174235667,-4.636851808388656,0.9374352972846253,1.2,,
3.883649999632915,-4.706019324304877,4.305518855246677,-4.70590884170107,1.0092665550953765,1.2,,
3.9887556435096934,-4.760728606061533,4.409011013851342,-4.764952003796634,1.0686513370481534,1.2,,
4.0979334975517725,-4.80314482370688,4.517324263175601,-4.8135960190656855,1.1121105232456414,1.2,,
4.211044617507564,-4.833211662162471,4.62978366030582,-4.851562236588877,1.149053556538289,1.2,,
4.328476832590144,-4.850679757038056,4.745406119459641,-4.878645678547156,1.1667878011476438,1.2,,
4.444574827770385,-4.854922134469388,4.862888250480818,-4.894560824702474,1.1740029965371621,1.2,,
4.56163233727614,-4.846246855163793,4.981413918296933,-4.8991699685783106,1.168560634962852,1.2,,
4.677144108088709,-4.82459177624356,5.100173720813123,-4.89238270084464,1.149554220608774,1.2,,
4.78984770198189,-4.790438809982462,5.218207032444095,-4.8743088781913935,1.1141227084152086,1.2,,
4.898431667912206,-4.744549447648056,5.333992622449251,-4.845421932169369,1.0655949955594217,1.2,,
5.0017848921077315,-4.687721836835227,5.446774419265168,-4.806230272791788,1.0056924662677709,1.2,,
5.098942014211568,-4.620803704849334,5.555895388119403,-4.757144069007089,0.9392262556417036,1.2,,
5.189054821241845,-4.544741141574155,5.660288470041288,-4.698872298166547,0.8638037192395944,1.2,,
5.271168509355712,-4.460616766758729,5.7591489932759785,-4.632034219502702,0.781585660093613,1.2,,
5.344994033690734,-4.36888905061798,5.851808244176002,-4.5571930379604995,0.697851915623359,1.2,,
5.410682110890781,-4.269406226977072,5.938272586546464,-4.475069002006143,0.6078216866157167,1.2,,
5.46663546354847,-4.165005719180712,6.018209702781954,-4.386341084506179,0.5102421859313964,1.2,,
5.512543407951868,-4.05760888776888,6.09090367125898,-4.2922256794614775,0.4180429962106145,1.2,,
5.549547083729634,-3.945072138258889,6.156769041011717,-4.1926218364229415,0.31905918027040625,1.2,,
5.576821113971243,-3.829947847435566,6.215158126446745,-4.088561201602302,0.22342373026586546,1.2,,
5.594513374317852,-3.712545727478538,6.266135764643479,-3.9804077385693155,0.13025404140088123,1.2,,
5.602608059070153,-3.592868822526287,6.3094221796582906,-3.8689300897183285,0.031214334702146098,1.2,,
5.601049260563606,-3.4752039825133627,6.344940222852679,-3.754591586780216,-0.06161824740653326,1.2,,
5.590047586956349,-3.356948302795732,6.372587550384373,-3.6380788755296947,-0.1560059312739514,1.2,,
5.569931952531197,-3.2398099588534057,6.392392248177226,-3.5200242909668713,-0.2427802071291386,1.2,,
5.541166350440132,-3.124355151454723,6.404691844247659,-3.4009684317377875,-0.3280656266407492,1.2,,
5.503280068470238,-3.0092891428159176,6.409474768534889,-3.2815289471337628,-0.40980334232714316,1.2,,
5.458951007895832,-2.9014194133583673,6.40691752014293,-3.161837015240444,-0.4870437286487302,1.2,,
5.406253480505308,-2.7948860998973726,6.397176102018217,-3.0427097462645074,-0.564569913369055,1.2,,
5.345959273554896,-2.6919494062716165,6.380275550244188,-2.9239569284616267,-0.6343232964124167,1.2,,
5.279699528663311,-2.592653771117742,6.357370958116975,-2.806350002743613,-0.6868141349803166,1.2,,
5.209646421750542,-2.497706735436643,6.329390937792914,-2.6901277213774226,-0.728402941118402,1.2,,
5.133124060606391,-2.4035073631918333,6.296463608324716,-2.5755031312588916,-0.7702281348230527,1.2,,
5.0549575041609245,-2.3152277315361105,6.2590789389404025,-2.4624033364761337,-0.8038646359160934,1.2,,
4.973042609882034,-2.2284929613267948,6.218290344524383,-2.3503361453151457,-0.8305175943578135,1.2,,
4.8891251798720265,-2.1433761575954335,6.175154246715406,-2.238889025007513,-0.8440542482589348,1.2,,
4.803937869812789,-2.0589744133317103,6.1306286002996,-2.127487465157011,-0.8567229082772303,1.2,,
4.718198748880626,-1.9743898125360961,6.085728988187912,-2.0157088739102087,-0.858245141554986,1.2,,
4.632688602338256,-1.8888723358012844,6.041441538091816,-1.9031554584322403,-0.8505550730264154,1.2,,
4.548463312895269,-1.802143242612477,5.998835154707062,-1.7900729112567189,-0.8299014776846101,1.2,,
4.46633110161143,-1.7137885723850566,5.958691983698235,-1.676379144958218,-0.8110337849560239,1.2,,
4.38679646845881,-1.6230805918132332,5.921610876294404,-1.5616105652109311,-0.7782138036697049,1.2,,
4.310535834782491,-1.5295579786720834,5.888415843848125,-1.4455682954693059,-0.7451495223274305,1.2,,
4.2381897417486485,-1.4329399587617175,5.859734189428981,-1.3282394669380342,-0.6996412799836135,1.2,,
4.1698505685322615,-1.332125282923862,5.8362764580257975,-1.2098077102177172,-0.6494164721256867,1.2,,
4.108224678818824,-1.22989638414581,5.818680609155798,-1.0901596572220684,-0.5922563846837923,1.2,,
4.051969170888686,-1.1232552483606508,5.807516911736167,-0.969606661678842,-0.5308601898206232,1.2,,
4.001951392892505,-1.013556839963881,5.802881561983553,-0.8486292760808826,-0.46684768754118383,1.2,,
3.9582429769414578,-0.8999625807990189,5.805083089469166,-0.7276917481671251,-0.3964790190453757,1.2,,
3.923131459611539,-0.785897858749299,5.815035556409142,-0.6068196879060962,-0.31266346392982547,1.2,,
3.8969161331625313,-0.6683328910074673,5.8339854047249124,-0.48692131395572635,-0.21144204682194764,1.2,,
3.881609876838348,-0.5495545295467847,5.862897451111051,-0.36982227678135676,-0.09929162224438337,1.2,,
3.8776351907270192,-0.43010386707815407,5.902119064201145,-0.25580714873262683,0.01655869727592658,1.2,,
3.885172053386079,-0.3116504272111183,5.951128095928701,-0.14589681351358358,0.12906663852882497,1.2,,
3.9040640542108918,-0.19302562977172802,6.009334385153441,-0.0405660898654087,0.24203910515979887,1.2,,
3.9346280098864135,-0.07416683820643663,6.076095133858667,0.05921413164530127,0.3482648300740819,1.2,,
3.972885931469329,0.03444467435487366,6.151132661558029,0.15337943771073492,0.4428370376319273,1.2,,
4.021866746300737,0.14356974648529863,6.233454594731481,0.24115057833328293,0.5367160212348228,1.2,,
4.079333529389989,0.24853921017898517,6.322030663364469,0.32235959234764816,0.6161985939118402,1.2,,
4.145057113230976,0.3494680420901971,6.416962232032426,0.39739539008893815,0.693140849663732,1.2,,
4.218981755724993,0.4458399632639796,6.516908540147419,0.46513801536508925,0.7659999675678343,1.2,,
4.297809306725018,0.5342391171258766,6.620966530365091,0.5254718072944231,0.8289763037828356,1.2,,
4.384607433836224,0.6186385698057522,6.7292423690308345,0.5789073197978406,0.8893064845554886,1.2,,
4.475191104151802,0.6954269071685812,6.8408283748345555,0.6254501755403112,0.9389217761858407,1.2,,
4.571776151727115,0.7667599237786776,6.954978120733355,0.6649150618227078,0.9901438636525449,1.2,,
4.673141059981501,0.8314484899225414,7.071495483493101,0.6970026879912218,1.0311908506498006,1.2,,
4.779172581888802,0.8896647018685697,7.189321802054357,0.7217401463102143,1.0677410697161087,1.2,,
4.886685476818187,0.9402814212989626,7.308644992794232,0.7395871227686936,1.1008117965420765,1.2,,
4.998369156221044,0.9845566351478873,7.4290551821340385,0.7504098604616966,1.1307909399228935,1.2,,
5.113580413394341,1.0217358971271828,7.549452260760548,0.7538880506831247,1.1524050336881777,1.2,,
5.2285727649173435,1.0509624689056587,7.669806041813542,0.7502801565394382,1.1708358000292132,1.2,,
5.347588809512902,1.0736702295930356,7.789758223842249,0.7399163557189743,1.1839036599819925,1.2,,
5.464132538948284,1.0890122924870322,7.909190781365776,0.7228731019086808,1.1936488196367885,1.2,,
5.584969323621841,1.097366201630442,8.027761793638435,0.6989686188255544,1.1989365825056217,1.2,,
5.704762137772421,1.0982671551383112,8.144718420455572,0.6686452246178682,1.1993168059708321,1.2,,
5.824550207547353,1.0922706593980276,8.260043899655749,0.6323044425662236,1.1962079484108392,1.2,,
5.943802466199169,1.0795567919851092,8.373357971661457,0.5902068319645005,1.188603602119722,1.2,,
6.062258224562125,1.060082372611072,8.484449362889706,0.5423615584669512,1.1786415752623012,1.2,,
6.180766602206153,1.03398348469974,8.593066626710842,0.4892454216789096,1.1667559206496059,1.2,,
6.296443644454368,1.0022842536764514,8.69893225923318,0.4313612962115107,1.1479865355217411,1.2,,
6.410387592025597,0.9649072833184255,8.801836151823547,0.3689367184007861,1.130190647358008,1.2,,
6.5213669169696775,0.9225278885745095,8.901893371149892,0.30200155830520664,1.1129677228168726,1.2,,
6.631449797920037,0.8745689339338305,8.999001942294322,0.230904522135131,1.0882854482366675,1.2,,
6.739190861441596,0.8213959723294267,9.092952362897057,0.1554716009677744,1.0677032561262527,1.2,,
6.844563515978279,0.7633819398933888,9.183784146647346,0.0761197812450538,1.0410258096516203,1.2,,
6.94761866202258,0.7010647004244949,9.271603476850684,-0.006524711888835584,1.017644347133176,1.2,,
7.0482426710674115,0.6348697955774532,9.356510074264145,-0.09226145203568001,0.9940891479000971,1.2,,
7.146278485618754,0.564898540165196,9.438319672208289,-0.18083517395157428,0.9670785086697306,1.2,,
7.241922068671264,0.4914566781867293,9.517352611116479,-0.2721335029449452,0.9478321740539928,1.2,,
7.335328844174891,0.4151096702760725,9.593722799046942,-0.36555365514152666,0.9254012602517208,1.2,,
7.427433028661591,0.33532964556213146,9.667622664737802,-0.4609941678331735,0.9024504447039005,1.2,,
7.515555265444247,0.2545201183080422,9.738983235249755,-0.5583849670551853,0.877780534861725,1.2,,
7.6024146249094695,0.17089134333788933,9.808073766165721,-0.657296260125769,0.8637710832797247,1.2,,
7.687844807016074,0.08536637545738462,9.875485927372702,-0.757716887239179,0.8481051876018839,1.2,,
7.771776115915665,-0.0016162804301211263,9.941235011602666,-0.8591887100965457,0.835336387365051,1.2,,
7.854222740843864,-0.09004504485742909,10.005319546130238,-0.9616506189689678,0.8158075872960601,1.2,,
7.934938636094329,-0.17948033272256436,10.067641844924207,-1.0646247539971871,0.8010289323274781,1.2,,
8.016946869910155,-0.27269798773164944,10.128828881951137,-1.168423119028507,0.7922386014627761,1.2,,
8.094038452716697,-0.3620050365157825,10.189025729472226,-1.2726221247291374,0.7834324114647094,1.2,,
8.171227746696783,-0.45260542946838783,10.248521160187597,-1.3770648037993387,0.7740744977485005,1.2,,
8.249542974801491,-0.5452544243547048,10.307577788251553,-1.4816015428902787,0.7748619047878437,1.2,,
8.326111015704027,-0.6360557990920573,10.366451260075426,-1.586032416533573,0.7702738136290459,1.2,,
8.403501451299737,-0.7274991607994259,10.42541533614686,-1.6901883660044412,0.7727464969709114,1.2,,
8.481140393104173,-0.818329390838543,10.484757257645885,-1.793762384541418,0.7834393153804533,1.2,,
8.560372532175158,-0.9092945994373279,10.544991120762793,-1.896721908803091,0.7877829113268214,1.2,,
8.638999313087108,-0.9973580161281401,10.606315653753263,-1.9987376064355475,0.8006873844728908,1.2,,
8.719907803233998,-1.0851676808272657,10.669324138565676,-2.1001147713435966,0.8169314215652445,1.2,,
8.802330470045476,-1.1712862571205973,10.734045768273964,-2.200208930440992,0.8351985629266316,1.2,,
8.886924926245282,-1.2552544953884346,10.801080235699645,-2.298905283616507,0.8580471218774139,1.2,,
8.97419025794989,-1.336586016893902,10.870945203496419,-2.395835146415926,0.8860057776778486,1.2,,
9.064483408597221,-1.4143390176443946,10.94403417848399,-2.4902778931196043,0.9192052375684434,1.2,,
9.159161563264565,-1.4887675978680366,11.020845263085405,-2.5819089960880093,0.9536930620659122,1.2,,
9.255348547641278,-1.5570451344258067,11.101561859764615,-2.6701832417151334,0.9876344406920664,1.2,,
9.35496984745294,-1.619589126586536,11.186380876161365,-2.7542198880918716,1.0232176661751993,1.2,,
9.460257301616428,-1.6762765682129364,11.275799711047556,-2.8330820836355426,1.0590710102606506,1.2,,
9.569008336310379,-1.725061614487287,11.369697436298958,-2.9060286535079087,1.0927078750338108,1.2,,
9.678810668990076,-1.76484239272079,11.468023502119438,-2.9727793418179185,1.1229447517141533,1.2,,
9.790279285888406,-1.7957458980946577,11.570681141620135,-3.0328112947871158,1.1500577495159285,1.2,,
9.911085062185395,-1.818671279992929,11.677571573230033,-3.0856495972728464,1.1710076073918494,1.2,,
10.026463406693685,-1.8308006531825967,11.787939212428983,-3.1308918330090303,1.1814757381157364,1.2,,
10.146081411332446,-1.8334640146371104,11.901282021923564,-3.1681565395512927,1.1877886936677435,1.2,,
10.263301504448718,-1.8262466232218992,12.017177502169032,-3.1972600579279713,1.177405643971053,1.2,,
10.381653789437136,-1.8089144092520035,12.134695632739973,-3.2178941288505074,1.1644601078794117,1.2,,
10.496094313942372,-1.7821612755524503,12.253594233189947,-3.230025311835008,1.1390015820335921,1.2,,
10.609745696435006,-1.745322406477055,12.372832404567015,-3.233535238239282,1.112375628994578,1.2,,
10.720175533859694,-1.69897066732667,12.492165787292597,-3.2285759942668864,1.0738342288463132,1.2,,
10.823226726555413,-1.6454559958055421,12.610772980829221,-3.21523651039662,1.0286984995270927,1.2,,
10.923949431168658,-1.5822993600875745,12.728550323874996,-3.1936310420744425,0.9780470025654361,1.2,,
11.01921133106368,-1.5114694807945486,12.844389612774377,-3.1641128885744263,0.9233615372317102,1.2,,
11.109686220638235,-1.432347287360772,12.958279442312069,-3.126785874476375,0.8624765733369123,1.2,,
11.19197631631565,-1.3485303464766483,13.069081589618884,-3.0822624642883496,0.7995307466189777,1.2,,
11.26877176828079,-1.257665481561545,13.177064677874833,-3.0305743948307655,0.7344461088945814,1.2,,
11.338722914863382,-1.1618971571057348,13.281311745984164,-2.972457316000531,0.6612832364324495,1.2,,
11.401779266567981,-1.0614032973302454,13.38183181152233,-2.908084058291717,0.598912004682358,1.2,,
11.457739572100309,-0.957652744987945,13.4788846884815,-2.838014273584742,0.5304338350165122,1.2,,
11.507851125092987,-0.8487541275347381,13.571698811151673,-2.7631032531231687,0.4627485578109025,1.2,,
11.550778911089612,-0.7375736292775763,13.660780668543913,-2.683183081066705,0.39773472748727157,1.2,,
11.587927909932821,-0.6231285748036131,13.745982848332657,-2.5992262589374397,0.33681950662076543,1.2,,
11.6186154984791,-0.5085244528551955,13.826945504884845,-2.5119035601451762,0.2753692097516652,1.2,,
11.64333028259201,-0.39349579163594023,13.903949509251998,-2.421121496807515,0.22327683675933624,1.2,,
11.663258701382949,-0.2760379364574392,13.977580789311382,-2.327181080516015,0.17579851369611088,1.2,,
11.679018260063899,-0.15570460589224644,14.047881996299267,-2.2309860633110903,0.1347313630044889,1.2,,
11.690711171780418,-0.03807236514936971,14.115530655945054,-2.132623611711819,0.10593596588254806,1.2,,
11.699410072979001,0.07954755854434652,14.180586873786508,-2.0326186586728956,0.07041202449731347,1.2,,
11.705129745401035,0.1996933475935595,14.243118051591633,-1.9311962032687826,0.04318253230256848,1.2,,
11.707820607058826,0.31785433949406555,14.303471515925,-1.8282213224894635,0.01569068021211673,1.2,,
11.708319631841798,0.43721179974760943,14.361896298629254,-1.7241278365735233,-0.001605729990684083,1.2,,
11.707038601727882,0.5574999867354129,14.418684477412175,-1.619472562610766,-0.023135866523354358,1.2,,
11.704434088104398,0.6769336171147223,14.474618363743033,-1.5138200607868855,-0.03297248481616128,1.2,,
11.701191271112737,0.7979234619815098,14.530267392915167,-1.4075786294170667,-0.03112176212236719,1.2,,
11.697888945022804,0.9155000927064145,14.5858763906796,-1.301148480640854,-0.030807306574033792,1.2,,
11.69473088236663,1.0356731905267111,14.641832278915514,-1.1945801903810902,-0.026880130640678453,1.2,,
11.692208376644727,1.1563463461474333,14.698647888179611,-1.0878628536609822,-0.01685080450485824,1.2,,
11.691008151903072,1.2771488506063209,14.756680237233832,-0.9816744581647825,-0.001344719652375158,1.2,,
11.69152932678942,1.3975890358973024,14.81594942026001,-0.8767334820700384,0.017531500235250873,1.2,,
11.694093320327015,1.517498475081683,14.876545581711973,-0.7735384775591014,0.03927730313996451,1.2,,
11.698943823604413,1.6374201180213452,14.939153332287193,-0.671431503885555,0.0630674903868265,1.2,,
11.706240986964216,1.7572696027760346,15.003872853819356,-0.5705667533830904,0.08809138070713061,1.2,,
11.716079176171109,1.876974044847612,15.070743410780802,-0.471062232912204,0.10961619689104622,1.2,,
11.728778992989223,1.996398106066436,15.140012081299773,-0.3728138923711998,0.14210046045042493,1.2,,
11.74470498290922,2.1166575347772736,15.211638893115266,-0.2761467977438358,0.17311755807383694,1.2,,
11.763358610849895,2.2341058104340643,15.285549283934518,-0.18118757908095726,0.2034706018511055,1.2,,
11.785266884981406,2.352222042295084,15.361711659020072,-0.08800730735297332,0.23429388347510827,1.2,,
11.810248219533365,2.4697388755793344,15.440070477828607,0.0032908250429918517,0.26237538935253546,1.2,,
11.838857719576161,2.5864180368549996,15.521071776668713,0.09231094617262435,0.31153227576387055,1.2,,
11.87227952046471,2.7017809571653895,15.60555672616385,0.17836222873131408,0.36291553969757123,1.2,,
11.911279398349206,2.8153767917634847,15.693787570129308,0.26055141054531533,0.42092452392269813,1.2,,
11.957556829869405,2.927472774751498,15.786637412424762,0.3377336796794207,0.4966524017127208,1.2,,
12.011337819699389,3.0335080747523038,15.885030266817916,0.40813300488370785,0.5920863191926099,1.2,,
12.075566855483084,3.135008544932003,15.989844569545463,0.4698760925721856,0.6899419168606824,1.2,,
12.149408945185069,3.228426858814422,16.09953112709318,0.5210501596889044,0.7868881197013398,1.2,,
12.233026760990677,3.313381181195483,16.213794969663482,0.5613112276366634,0.8809443857651672,1.2,,
12.325268169802913,3.388818029881212,16.331205585075654,0.5902029050210911,0.9579170120359709,1.2,,
12.42568628675986,3.454488926291122,16.450853968960253,0.60763935095417,1.0292865545000842,1.2,,
12.530447838087913,3.508129078159962,16.570880179982026,0.6135106454885926,1.0898913254704876,1.2,,
12.641599185800672,3.551585716921739,16.691396083850943,0.6079600871839449,1.1312348903450398,1.2,,
12.757847893542841,3.5836504721573976,16.810654209261674,0.5908773010337979,1.1680724564090321,1.2,,
12.874442112836906,3.603085902554299,16.927866233523726,0.5622846004994161,1.186291933054341,1.2,,
12.993272412215758,3.6106060235554795,17.04122987947313,0.5228554828162942,1.1933858594169306,1.2,,
13.112263599943981,3.606698668748564,17.151176555492892,0.47321243664341256,1.1797359042258344,1.2,,
13.23115143387079,3.591529315885578,17.25616582106264,0.41464126147663727,1.172514147122902,1.2,,
13.345271149791154,3.56684126432224,17.3563017401941,0.3477324069994804,1.153247230447309,1.2,,
13.460117310281769,3.5316606622735813,17.450658662007907,0.2734648591844334,1.1297465885075035,1.2,,
13.571495145803958,3.487657340633543,17.539634473598216,0.19208247468479372,1.0970395679344616,1.2,,
13.679071878180086,3.4354755558360686,17.62242910193452,0.10470551515925668,1.0596300647450816,1.2,,
13.782789263396332,3.376185009881687,17.699319684373528,0.012512963973534295,1.019068057088902,1.2,,
13.884055324192405,3.309958631964714,17.771097863536195,-0.08399758252738802,0.9860224325104622,1.2,,
13.979830754718774,3.2394666634638827,17.837941452085698,-0.18433319792422165,0.9462466705860926,1.2,,
14.073536243221902,3.162409588079217,17.899553442457602,-0.2878010048639255,0.9082015170926675,1.2,,
14.161919607615504,3.082601477241923,17.956654688449927,-0.3939367618051151,0.877410765171072,1.2,,
14.248938484418721,2.9974855464877868,18.009804690508194,-0.5022072714546698,0.8506040845802785,1.2,,
14.331537045606984,2.911227029905393,18.05966315882228,-0.612182444610466,0.8252527852710879,1.2,,
14.412826558286765,2.8219274512735546,18.106944292796275,-0.7234086486905325,0.8046890167146487,1.2,,
14.49216445301125,2.730857180836977,18.15194896089253,-0.8354745201671631,0.7868018233848771,1.2,,
14.569758092596304,2.638585627209185,18.195079197567352,-0.9480651710793515,0.7725585438330015,1.2,,
14.646145965040821,2.545354660016061,18.23683933975089,-1.0610877614947187,0.7599173430592988,1.2,,
14.723023644613699,2.4497483767988997,18.277586583995124,-1.1742523705294037,0.7509125526437685,1.2,,
14.796311375797941,2.357592964564915,18.31772536451417,-1.2874770214881721,0.7475387477881381,1.2,,
14.870775654251522,2.2635670919092497,18.357590129571165,-1.4004890821834606,0.7446533665075601,1.2,,
14.946773447022348,2.1679584068763345,18.397626363317592,-1.5132891414390848,0.7473502316610403,1.2,,
15.020177894463343,2.076684282015201,18.438221170133378,-1.6256301189676523,0.7531878331723159,1.2,,
15.095748779504813,1.9845068150126144,18.479718985234722,-1.7372030798650722,0.7629384077300942,1.2,,
15.172577215133465,1.8935190088836373,18.52277519235654,-1.8481144120483213,0.7776518222150814,1.2,,
15.251108216029749,1.8039424627639222,18.5677922759245,-1.9582898203063892,0.7964989246133238,1.2,,
15.331776235668922,1.716193402692753,18.615157726418254,-2.067471232526064,0.8195644746381788,1.2,,
15.414955092373567,1.6307994467951186,18.665439987845982,-2.175377445297135,0.8460270511402049,1.2,,
15.501766751426157,1.547359129970919,18.718951134261115,-2.281698837650635,0.8729876123253709,1.2,,
15.589730210479514,1.4686384879485488,18.775999088664346,-2.3863536405959835,0.9025755003998531,1.2,,
15.682562656322089,1.3919497870001056,18.83674935305407,-2.4891453075585996,0.9361849226843156,1.2,,
15.776915457242982,1.3211450446645054,18.90158349137935,-2.5893925805867566,0.9703909645903893,1.2,,
15.876845905752536,1.2549100649563887,18.97119959931315,-2.686066945906834,1.0080491398218576,1.2,,
15.979033134629624,1.1970334719597593,19.04678958057007,-2.778688324005349,1.050209887874696,1.2,,
16.085900713877916,1.1468368472066146,19.128108130207128,-2.8656089506383022,1.0875257154807478,1.2,,
16.19644544551681,1.105804905266476,19.215741294973125,-2.946526692172482,1.1207425823383,1.2,,
16.31022500538335,1.0750859195650895,19.30934677857865,-3.0201745608066433,1.1509652359246207,1.2,,
16.42717868554338,1.0560204677821228,19.40919601623542,-3.0852204167861754,1.1641656600233623,1.2,,
16.543131614317545,1.050113278138216,19.51519946405837,-3.1403283121305434,1.1630962333206505,0.0,,
16.65750951178878,1.0568420617089842,19.623201837894342,-3.183696310943382,1.1217778837708752,0.0,,
16.766385011755922,1.0743726145184458,19.729883528552016,-3.215992435660667,1.0601455893616756,0.0,,
16.869833045411077,1.1005751446910532,19.83389460204318,-3.2391360319268307,0.9888760826333178,0.0,,
16.964718425830966,1.1322431083900546,19.934319143353505,-3.2549159516034742,0.9265015424327147,0.0,,
17.054218931284165,1.1681676388790323,20.03052551237435,-3.264986545223363,0.8639288919875081,0.0,,
17.137122429457637,1.2054795716844495,20.12211011221072,-3.2711721116133217,0.8113571892486626,0.0,,
17.216657273485172,1.2432748098295785,20.209101704246255,-3.2754986537165833,0.7636048734419489,0.0,,
17.290995871419955,1.279094690243333,20.291301263787723,-3.279150100012153,0.7211967426558789,0.0,,
17.361096758011413,1.3129785298272088,20.368857175595835,-3.282517345836265,0.6791051164988544,1.4201720905839301,,
17.42763590624143,1.3451553989567666,20.44176093795927,-3.2856684865644095,0.6389655535491595,1.2972665294029981,,
17.48930018117741,1.3749791549091497,20.510010604313525,-3.288616140321317,0.5970346002633244,1.2,,
17.547043969044953,1.402969191200576,20.57470116298081,-3.291326973233774,0.5778676916734429,1.2000000000000002,,
17.60470421616184,1.431844956635714,20.639149263481407,-3.293238942687726,0.5748521888856831,1.2000000000000002,,
17.663898283094387,1.4629750263268104,20.706424637616067,-3.293968861874674,0.6048576159693193,1.1999999999999997,,
17.72539402050964,1.4964111422192625,20.7772823067563,-3.293843641535851,0.6257836319008702,1.2000000000000002,,
17.790970439793956,1.5325762494104107,20.85165884173395,-3.293293279097273,0.6726080658519066,1.2,,
17.85905645117572,1.5702194465629635,20.930432763278215,-3.292599268531507,0.7060902248957407,1.2,,
17.931850209943068,1.6104748687447832,21.013832182939623,-3.291844771121652,0.7467044410471635,1.2,,
18.009511953267925,1.6534147196156606,21.10188332396355,-3.2910540135454887,0.790500560170444,1.2,,
18.089656401349004,1.6977189996479491,21.194624155612892,-3.290241460007435,0.8271605009921638,1.2,,
18.173701721528985,1.7443423035212346,21.290830002005396,-3.2892465881354673,0.8448352541622696,1.2,,
18.25891788796489,1.7925936367068926,21.3886718110171,-3.28734246088651,0.8505311851044784,1.2,,
18.345340986855636,1.8434140404721455,21.487933102526284,-3.2839288662027544,0.8546486049805597,1.2,,
18.429753499572655,1.895424658173882,21.58780407902427,-3.2786109933895213,0.8506681990708844,1.2,,
18.514392148160848,1.9506553907445021,21.68844984320935,-3.27082304240038,0.8425807323764882,1.2,,
18.598767334955067,2.0093422586988012,21.789534368337673,-3.2602339945957857,0.8276710374528473,1.2,,
18.679992533550767,2.069800053006748,21.890768756836792,-3.2465834645426854,0.8125952825294079,1.2,,
18.761043481020522,2.134515795836787,21.99190652744054,-3.2297115844314916,0.7924034644347681,1.2,,
18.838479172416463,2.2009324733676814,22.09291135398889,-3.20948414165784,0.772501016847618,1.2,,
18.91445962773785,2.2711321012167334,22.193540763551546,-3.185727805512216,0.7479374746406604,1.2,,
18.98873249472309,2.3451789014187736,22.29380113986495,-3.1583407194945887,0.7220750702683582,1.2,,
19.05894531855987,2.421024426149151,22.39354691306232,-3.1271357214885134,0.6952114510204582,1.2,,
19.12689987939086,2.5009329183912214,22.492534803837344,-3.0919027608297682,0.6617267618612552,1.2,,
19.191458281579944,2.5842294669010863,22.590495105182054,-3.0524580635080873,0.6268400308187316,1.2,,
19.25235010588121,2.670680597303506,22.68708013713243,-3.0088216546710886,0.5877889076881362,1.2,,
19.30982939606361,2.761123774472408,22.782102997598322,-2.9609584948597614,0.5474524449856686,1.2,,
19.361834749760515,2.8527080482346876,22.875301408164823,-2.908789769587174,0.5015473021723307,1.2,,
19.410035469529653,2.948575713024823,22.96677870887919,-2.8519998129094333,0.46493670246404056,1.2,,
19.45451593791478,3.048442769009913,23.057310088579197,-2.7902776430539116,0.4252305190075478,1.2,,
19.495300057484542,3.150731882576036,23.146120364918406,-2.724425676546631,0.39130769440802565,1.2,,
19.532604440493333,3.255898631272804,23.233665541961273,-2.654841243244187,0.35684768018414137,1.2,,
19.567058002631775,3.3630682886296657,23.31997203138741,-2.5820559927486353,0.3290604514130237,1.2,,
19.599464026442394,3.4741977238043362,23.405852228800008,-2.506179300447389,0.31219792539335184,1.2,,
19.62935820988123,3.5857627484244183,23.4916784423623,-2.427233607278079,0.2924563671311036,1.2,,
19.658056495671456,3.702267687419618,23.577563794116994,-2.3452332784422723,0.27416653970916816,1.2,,
19.684787252828045,3.81902605031942,23.662838463776996,-2.2612459209816054,0.26138361354458806,1.2,,
19.710403826418183,3.935037580844978,23.74776682008728,-2.1763535511671734,0.25541345283614664,1.2,,
19.736567048692482,4.052907249093813,23.83335685939479,-2.091118120323485,0.2638689636059027,1.2,,
19.76389698979042,4.170719459570031,23.919859273246928,-2.0066210760843752,0.2785713470060482,1.2,,
19.79299691582527,4.287909993704235,24.007481588845142,-1.9235767071837782,0.3049238506839291,1.2,,
19.824633229320813,4.404428101978727,24.096890098958824,-1.8421975247728892,0.33245175532521004,1.2,,
19.859072855738148,4.520077757689358,24.188058889629353,-1.7628775393216705,0.357231375443785,1.2,,
19.89717255423782,4.635926183043623,24.28126694552771,-1.6859704119379553,0.3965144124040789,1.2,,
19.939040710877222,4.747770109862605,24.37744922533852,-1.612535160168419,0.45407352341548324,1.2,,
19.988356967197046,4.857904172643329,24.478141202786635,-1.5446740868455036,0.5339792496004757,1.2,,
20.046284147902387,4.963514112972927,24.583743232151626,-1.484536395515573,0.6211847877908607,1.2,,
20.112783037141195,5.062651913443615,24.693042286879543,-1.433583737533542,0.7067594090869278,1.2,,
20.187750798115264,5.1559616804276525,24.806068385429683,-1.391536206921,0.7897216701016833,1.2,,
20.269939077727145,5.242868114443723,24.92177099450767,-1.3581661213206107,0.8574383779511403,1.2,,
20.35876737938702,5.323459118417148,25.04001909654891,-1.3330041503365664,0.9196377182929656,1.2,,
20.453207574358068,5.397320399583141,25.159453593979297,-1.3159308741260962,0.9726418616306047,1.2,,
20.553812832140586,5.465349009469147,25.27991607614761,-1.306603255328723,1.0190612812003033,1.2,,
20.65624561162102,5.525323339036854,25.400221090199892,-1.3046661457880975,1.0531489272278136,1.2,,
20.76368736226538,5.579585154193382,25.520795903386357,-1.3098258850492153,1.0907633174605653,1.2,,
20.874150739012645,5.627299166545451,25.6408565473591,-1.3218074879392203,1.1165032613342731,1.2,,
20.987094700018496,5.668590668793883,25.760053142107875,-1.3402421235513835,1.1407237323835773,1.2,,
21.101894538806565,5.703651164789927,25.878206717398058,-1.3647808584297851,1.1562857530202546,1.2,,
21.218506494608732,5.732451725997446,25.99508357514883,-1.395200266114691,1.1739305303942575,1.2,,
21.33661167173004,5.755155681156408,26.110271660349866,-1.4312551525870099,1.186416267424003,1.2,,
21.458090629772304,5.772129301478186,26.22354796669775,-1.4726790047027796,1.194437662804993,1.2,,
21.576760827921007,5.782824590931422,26.334917115887155,-1.5192701160193278,1.2016693583303317,1.2,,
21.695768243656143,5.787967563223438,26.44410033910851,-1.5707393496946545,1.2026569099699753,1.2,,
21.815991925363438,5.787666868643162,26.55124151576311,-1.6268729434497482,1.2019254323590904,1.2,,
21.936058507014902,5.78201434419415,26.655957281789334,-1.687210390536725,1.199388361911367,1.2,,
22.056901613397613,5.77113910056306,26.758186602668776,-1.7514613256480651,1.193102821576275,1.2,,
22.17465323097363,5.755708353816081,26.8578093975591,-1.8193081827406707,1.1865210823788737,1.2,,
22.29286050771687,5.735548747457444,26.954867174653405,-1.8905164814342672,1.1781800093708432,1.2,,
22.41128451464757,5.710817786513622,27.049371646304497,-1.9648081327988993,1.166505734357731,1.2,,
22.526386261870755,5.682646832803802,27.14138759006638,-2.0418910576275313,1.1585618444443404,1.2,,
22.641661794016862,5.650517963126382,27.231078337278664,-2.121539657686866,1.148437976417376,1.2,,
22.755898977779285,5.614935231436864,27.31854669603831,-2.203597031619541,1.138065609600327,1.2,,
22.869164406592056,5.575961174675433,27.403784942585823,-2.288028928748211,1.1287318594446667,1.2,,
22.981270633160342,5.5333052110876855,27.486656558001513,-2.3751373879906286,1.11476981200725,1.2,,
23.091872901445175,5.487259456684634,27.566926226825114,-2.464405656819361,1.099696165376013,1.2,,
23.201145738866266,5.4379171105660085,27.6447900593927,-2.555858894319005,1.0867796132733216,1.2,,
23.309139310260296,5.385020887008271,27.720162643519384,-2.6498332840865766,1.072076149755432,1.2,,
,,,,,,0.0,0.0
,,,,,,0.1,-0.004773071974041088
,,,,,,0.2,-0.019061911608072135
,,,,,,0.30000000000000004,-0.04277558335542797
,,,,,,0.4,-0.07576317113341657
,,,,,,0.5,-0.11781473876775239
,,,,,,0.6,-0.16866266604651514
,,,,,,0.7,-0.22798335188086227
,,,,,,0.7999999999999999,-0.2953992737334108
,,,,,,0.8999999999999999,-0.3704813902078965
,,,,,,0.9999999999999999,-0.4527518715097909
,,,,,,1.0999999999999999,-0.5416871404009702
,,,,,,1.2,-0.6367212042955033
,,,,,,1.3,-0.7372492572907846
,,,,,,1.4000000000000001,-0.8426315292103386
,,,,,,1.5000000000000002,-0.9521973571626184
,,,,,,1.6000000000000003,-1.0652494537040087
,,,,,,1.7000000000000004,-1.1810683444430317
,,,,,,1.8000000000000005,-1.298916946844419
,,,,,,1.9000000000000006,-1.418045261093102
,,,,,,2.0000000000000004,-1.5376951431650068
,,,,,,2.1000000000000005,-1.6571051297283803
,,,,,,2.2000000000000006,-1.7755152841695079
,,,,,,2.3000000000000007,-1.8921720329022493
,,,,,,2.400000000000001,-2.0063329611826592
,,,,,,2.500000000000001,-2.117271537907664
,,,,,,2.600000000000001,-2.2242817393287218
,,,,,,2.700000000000001,-2.3266825422547126
,,,,,,2.800000000000001,-2.423822258148884
,,,,,,2.9000000000000012,-2.5150826805372333
,,,,,,3.0000000000000013,-2.5998830193338414
,,,,,,3.1000000000000014,-2.677683597044707
,,,,,,3.2000000000000015,-2.747989283327117
,,,,,,3.3000000000000016,-2.8103526460466566
,,,,,,3.4000000000000017,-2.8643767987782556
,,,,,,3.5000000000000018,-2.9097179266294804
,,,,,,3.600000000000002,-2.946087474311507
,,,,,,3.700000000000002,-2.973253982532669
,,,,,,3.800000000000002,-2.991044561027603
,,,,,,3.900000000000002,-2.9993459888474874
,,,,,,4.000000000000002,-2.998105434909026
,,,,,,4.100000000000001,-2.9873307942165344
,,,,,,4.200000000000001,-2.9670906376173716
,,,,,,4.300000000000001,-2.9375137754104896
,,,,,,4.4,-2.8987884375853277
,,,,,,4.5,-2.851161075908097
,,,,,,4.6,-2.79493479547909
,,,,,,4.699999999999999,-2.730467425742735
,,,,,,4.799999999999999,-2.658169243226668
,,,,,,4.899999999999999,-2.578500360502546
,,,,,,4.999999999999998,-2.4919677979854793
,,,,,,5.099999999999998,-2.3991222572074586
,,,,,,5.1999999999999975,-2.3005546160999533
,,,,,,5.299999999999997,-2.1968921685900544
,,,,,,5.399999999999997,-2.08879463244172
,,,,,,5.4999999999999964,-1.976949950748621
,,,,,,5.599999999999996,-1.8620699137982704
,,,,,,5.699999999999996,-1.7448856291703279
,,,,,,5.799999999999995,-1.626142868897801
,,,,,,5.899999999999995,-1.5065973233022592
,,,,,,5.999999999999995,-1.3870097917081081
,,,,,,6.099999999999994,-1.268141340642675
,,,,,,6.199999999999994,-1.1507484603357976
,,,,,,6.299999999999994,-1.035578250343403
,,,,,,6.399999999999993,-0.9233636649342366
,,,,,,6.499999999999993,-0.8148188484985583
,,,,,,6.5999999999999925,-0.7106345906647106
,,,,,,6.699999999999992,-0.6114739300476304
,,,,,,6.799999999999992,-0.5179679346074773
,,,,,,6.8999999999999915,-0.43071168547256944
,,,,,,6.999999999999991,-0.35026048978598245
,,,,,,7.099999999999991,-0.2771263466775957
,,,,,,7.19999999999999,-0.21177468885249784
,,,,,,7.29999999999999,-0.15462142053258443
,,,,,,7.39999999999999,-0.1060302706021794
,,,,,,7.499999999999989,-0.06631047780250876
,,,,,,7.599999999999989,-0.03571482270667392
,,,,,,7.699999999999989,-0.014438018999829438
,,,,,,7.799999999999988,-0.0026154743026021166
,,,,,,7.899999999999988,-0.00032242842400020955
,,,,,,7.999999999999988,-0.007573474528048241
,,,,,,8.099999999999987,-0.024322466261490705
,,,,,,8.199999999999987,-0.05046281143361231
,,,,,,8.299999999999986,-0.08582815037916913
,,,,,,8.399999999999986,-0.13019341468726342
,,,,,,8.499999999999986,-0.18327625955830884
,,,,,,8.599999999999985,-0.2447388606734302
,,,,,,8.699999999999985,-0.31419006414084816
,,,,,,8.799999999999985,-0.3911878758367848
,,,,,,8.899999999999984,-0.47524227429848187
,,,,,,8.999999999999984,-0.5658183292678163
,,,,,,9.099999999999984,-0.662339606038796
,,,,,,9.199999999999983,-0.7641918339433508
,,,,,,9.299999999999983,-0.8707268156288063
,,,,,,9.399999999999983,-0.9812665522480455
,,,,,,9.499999999999982,-1.0951075583092347
,,,,,,9.599999999999982,-1.2115253387250045
,,,,,,9.699999999999982,-1.329778999568711
,,,,,,9.799999999999981,-1.4491159631944854
,,,,,,9.89999999999998,-1.5687767577135976
,,,,,,9.99999999999998,-1.6879998503464324
,,,,,,10.09999999999998,-1.8060264938901838
,,,,,,10.19999999999998,-1.9221055554588655
,,,,,,10.29999999999998,-2.035498296765086
,,,,,,10.399999999999979,-2.145483075521389
,,,,,,10.499999999999979,-2.251359938041043
,,,,,,10.599999999999978,-2.352455073810453
,,,,,,10.699999999999978,-2.448125103683953
,,,,,,10.799999999999978,-2.537761174410413
,,,,,,10.899999999999977,-2.6207928334337733
,,,,,,10.999999999999977,-2.6966916593078394
,,,,,,11.099999999999977,-2.7649746246210913
,,,,,,11.199999999999976,-2.825207170029475
,,,,,,11.299999999999976,-2.8770059698337698
,,,,,,11.399999999999975,-2.9200413715011306
,,,,,,11.499999999999975,-2.9540394936054364
,,,,,,11.599999999999975,-2.978783968834973
,,,,,,11.699999999999974,-2.994117320974766
,,,,,,11.799999999999974,-2.999941967100327
,,,,,,11.899999999999974,-2.9962208386047484
,,,,,,11.999999999999973,-2.982977617106876
,,,,,,12.099999999999973,-2.960296583739212
,,,,,,12.199999999999973,-2.928322082774704
,,,,,,12.299999999999972,-2.887257603005934
,,,,,,12.399999999999972,-2.8373644827229207
,,,,,,12.499999999999972,-2.778960246531157
,,,,,,12.599999999999971,-2.7124165845945516
,,,,,,12.69999999999997,-2.6381569871635593
,,,,,,12.79999999999997,-2.5566540494425793
,,,,,,12.89999999999997,-2.4684264639487328
,,,,,,12.99999999999997,-2.374035719502893
,,,,,,13.09999999999997,-2.274082527860962
,,,,,,13.199999999999969,-2.1692030007265934
,,,,,,13.299999999999969,-2.060064601475273
,,,,,,13.399999999999968,-1.9473618973533493
,,,,,,13.499999999999968,-1.8318121391854083
,,,,,,13.599999999999968,-1.714150696721213
,,,,,,13.699999999999967,-1.5951263786720267
,,,,,,13.799999999999967,-1.4754966672201344
,,,,,,13.899999999999967,-1.3560228973295223
,,,,,,13.999999999999966,-1.2374654115371264
,,,,,,14.099999999999966,-1.1205787210599416
,,,,,,14.199999999999966,-1.0061067040132394
,,,,,,14.299999999999965,-0.8947778712988613
,,,,,,14.399999999999965,-0.7873007302919113
,,,,,,14.499999999999964,-0.6843592758318479
,,,,,,14.599999999999964,-0.5866086372136672
,,,,,,14.699999999999964,-0.49467090888221743
,,,,,,14.799999999999963,-0.4091311913634377
,,,,,,14.899999999999963,-0.3305338676284677
,,,,,,14.999999999999963,-0.2593791385881832
,,,,,,15.099999999999962,-0.19611983976658465
,,,,,,15.199999999999962,-0.14115855941207855
,,,,,,15.299999999999962,-0.09484507638721928
,,,,,,15.399999999999961,-0.057474134142470046
,,,,,,15.499999999999961,-0.02928356494059292
,,,,,,15.59999999999996,-0.010452776269306963
,,,,,,15.69999999999996,-0.0011016090748208196
,,,,,,15.79999999999996,-0.0012895750825483443
,,,,,,15.89999999999996,-0.011015478058778339
,,,,,,15.99999999999996,-0.03021742142361994
,,,,,,16.09999999999996,-0.05877320216677684
,,,,,,16.19999999999996,-0.09650108855923456
,,,,,,16.29999999999996,-0.14316097671142014
,,,,,,16.399999999999963,-0.19845591861739686
,,,,,,16.499999999999964,-0.26203401196047604
,,,,,,16.599999999999966,-0.3334906396533255
,,,,,,16.699999999999967,-0.4123710448599449
,,,,,,16.79999999999997,-0.4981732251118125
,,,,,,16.89999999999997,-0.5903511270997623
,,,,,,16.99999999999997,-0.6883181218096566
,,,,,,17.099999999999973,-0.7914507378857206
,,,,,,17.199999999999974,-0.8990926294620877
,,,,,,17.299999999999976,-1.0105587532108646
,,,,,,17.399999999999977,-1.125139728023627
,,,,,,17.49999999999998,-1.2421063495808586
,,,,,,17.59999999999998,-1.3607142310782248
,,,,,,17.69999999999998,-1.4802085405756191
,,,,,,17.799999999999983,-1.5998288048200855
,,,,,,17.899999999999984,-1.7188137489705668
,,,,,,17.999999999999986,-1.8364061414240531
,,,,,,18.099999999999987,-1.951857612910173
,,,,,,18.19999999999999,-2.064433419185039
,,,,,,18.29999999999999,-2.173417117014139
,,,,,,18.39999999999999,-2.2781151236858257
,,,,,,18.499999999999993,-2.3778611310382582
,,,,,,18.599999999999994,-2.4720203459084766
,,,,,,18.699999999999996,-2.5599935300170236
,,,,,,18.799999999999997,-2.641220813577851
,,,,,,18.9,-2.7151852583633724
,,,,,,19.0,-2.7814161475489425
,,,,,,19.1,-2.8394919813999127
,,,,,,19.200000000000003,-2.889043159736386
,,,,,,19.300000000000004,-2.9297543341042314
,,,,,,19.400000000000006,-2.961366414682906
,,,,,,19.500000000000007,-2.9836782191579436
,,,,,,19.60000000000001,-2.9965477530645037
,,,,,,19.70000000000001,-2.999893113453775
,,,,,,19.80000000000001,-2.993693010131201
,,,,,,19.900000000000013,-2.9779869011493227
